(Intercept),vix_f,vix^2,vix^3,vix^4,vix^5,vix^6,vix_ln,vix_sqrt,vix_1ov,adjR^2,AIC,delta
-2.197857444,0.901835748,,,,,,,,,0.547227454,53575.49578,125.7162952
18833.50735,10214.92714,-100.0459101,1.312847692,-0.012881639,7.61E-05,-1.98E-07,90009.27406,-104360.7989,106022.0538,0.555081223,53449.77949,0
16.87066724,-3.066463703,0.334224599,-0.014307104,0.000317436,-3.41E-06,1.39E-08,,,,0.554485682,53454.61285,4.833356891
30.97411594,,0.248884192,-0.012203678,0.00028529,-3.14E-06,1.30E-08,,-12.02278757,,0.554485625,53454.61387,4.834385314
28.42055828,,0.205684866,-0.010774028,0.000260565,-2.92E-06,1.22E-08,-14.0404466,,,0.554483144,53454.65897,4.879485853
71.22728968,8.847808281,,-0.006006894,0.000189706,-2.35E-06,1.03E-08,,-46.52442816,,0.55447963,53454.72287,4.943381145
1665.678842,301.9764354,-3.802628696,0.052333705,-0.000435814,1.53E-06,,1447.467622,-2428.072183,,0.554588019,53454.75228,4.972793235
1639.063937,168.666228,-2.788267446,0.042644672,-0.000374196,1.35E-06,,,-909.0840558,-2031.851805,0.554585524,53454.79765,5.018162908
1617.666677,88.62739458,-2.175412215,0.036755629,-0.000336535,1.24E-06,,-863.5121563,,-3236.335882,0.554583041,53454.8428,5.06330885
-10.97987286,,0.161593556,-0.00893636,0.000224766,-2.58E-06,1.10E-08,,,100.0017494,0.554471966,53454.86218,5.0826955
46.1968024,4.848410288,,-0.00505592,0.00016756,-2.12E-06,9.45E-09,-35.97181178,,,0.554470559,53454.88776,5.108276061
1590.058179,,-1.493908466,0.030180021,-0.000294323,1.12E-06,,-1815.623831,1004.487286,-4558.910686,0.554579417,53454.90869,5.129198065
108.5795696,17.17918074,-0.237838688,,9.58E-05,-1.55E-06,7.56E-09,,-78.77359095,,0.554465644,53454.97709,5.197605084
1516.825084,-192.9737791,,0.015670494,-0.000200596,8.48E-07,,-3874.94152,3184.294083,-7401.219398,0.554568237,53455.11197,5.332486278
1280.463718,67.97189101,-1.584373692,0.024187542,-0.000168554,,3.87E-09,-677.3041934,,-2567.090509,0.554567936,53455.11743,5.337944614
1291.571594,,-1.099379779,0.020069421,-0.000148913,,3.58E-09,-1445.766886,791.9509693,-3676.012853,0.554567723,53455.12132,5.34182892
1267.04768,127.5601348,-2.00730713,0.027760593,-0.000185515,,4.11E-09,,-696.1363023,-1584.52225,0.554567468,53455.12596,5.346470534
15.80716546,,,-0.003893906,0.000140401,-1.85E-06,8.40E-09,-79.41112363,56.29005142,,0.554457062,53455.1331,5.353615313
1236.178218,222.0031969,-2.67201597,0.033331822,-0.000211768,,4.49E-09,1082.80739,-1804.227496,,0.554565427,53455.16305,5.383562659
1303.458233,-152.9107806,,0.010665389,-0.000103751,,2.91E-09,-3161.423739,2566.754259,-6133.54353,0.554564319,53455.18321,5.403724263
60.89554275,9.002065749,-0.179061198,,8.41E-05,-1.40E-06,6.88E-09,-54.46371647,,,0.554450748,53455.24787,5.468382518
1148.508124,-237.199981,0.819839763,,,-6.08E-07,4.48E-09,-3906.885414,3429.96984,-7010.452689,0.554555889,53455.33648,5.556995877
1299.415095,-323.1281725,1.235354132,,-5.21E-05,,2.13E-09,-5053.712074,4533.262063,-8820.248992,0.554555589,53455.34193,5.562437718
1060.614091,-108.8515901,,0.005256308,,-9.01E-07,5.98E-09,-2370.276666,1884.782135,-4717.225016,0.554555528,53455.34304,5.563549326
-36.35730015,2.832026814,,-0.003843797,0.00013585,-1.78E-06,8.08E-09,,,189.9532717,0.554444317,53455.36477,5.585282229
144.861765,25.37093591,-0.474654122,0.006056504,,-7.37E-07,4.71E-09,,-110.2875322,,0.554443008,53455.38857,5.609081082
971.0225454,,-0.687646521,0.00961752,,-1.14E-06,7.18E-09,-1052.727653,567.0719075,-2730.054823,0.554551469,53455.41684,5.63734925
1421.648216,-397.7788319,1.599463423,,-9.85E-05,5.47E-07,,-6041.909606,5487.777372,-10367.95211,0.554551088,53455.42377,5.644285324
926.8994692,46.62089767,-0.979386085,0.011450934,,-1.24E-06,7.68E-09,-483.0265572,,-1862.781452,0.554548665,53455.46782,5.688334513
885.7514926,85.84343059,-1.222957841,0.012970452,,-1.32E-06,8.08E-09,,-478.9363377,-1121.804882,0.554545779,53455.5203,5.740807458
4006.131706,739.855588,-10.15786559,0.162131821,-0.001767406,1.09E-05,-2.82E-08,3395.965881,-5801.526956,,0.554652771,53455.57483,5.795343229
809.4557272,-65.12861028,,,9.98E-05,-1.76E-06,8.87E-09,-1577.244362,1204.562517,-3284.108406,0.554542417,53455.58141,5.801923298
8.377223927,,-0.114042582,,7.11E-05,-1.22E-06,6.11E-09,-114.1454289,86.5171543,,0.554431895,53455.59057,5.811079845
1279.209601,-489.9475291,2.457476369,-0.010650912,,,1.33E-09,-6891.442537,6451.669335,-11407.22905,0.554541531,53455.59752,5.818027598
814.2242328,143.5924534,-1.576686663,0.01514838,,-1.43E-06,8.64E-09,721.1972582,-1189.037294,,0.554540507,53455.61614,5.836652288
660.7655259,,-0.30402498,,0.000135356,-2.16E-06,1.04E-08,-677.5798736,353.675784,-1817.129378,0.55453256,53455.76063,5.981141121
74.80427871,13.03875899,-0.355261553,0.005037553,,-6.55E-07,4.23E-09,-72.22101122,,,0.554422278,53455.76536,5.985875887
-86.68612668,,,-0.002811827,0.000109996,-1.51E-06,7.01E-09,,21.83158598,278.3211335,0.554421868,53455.77281,5.993326568
1314.818215,-589.8297111,3.113956257,-0.014983053,,2.54E-07,,-8054.938134,7637.57292,-13099.65814,0.554529387,53455.81831,6.038826456
593.7408982,26.89555492,-0.427954048,,0.000149501,-2.32E-06,1.10E-08,-301.2105579,,-1195.668171,0.554527642,53455.85003,6.070544753
175.5407188,32.38571237,-0.68014101,0.011382242,-8.53E-05,,2.11E-09,,-137.1010194,,0.554415157,53455.8948,6.115311213
-54.39274793,4.885941577,-0.119602969,,6.75E-05,-1.16E-06,5.79E-09,,,252.6452709,0.554413942,53455.91688,6.137396553
536.2013087,48.139177,-0.524545519,,0.000160245,-2.44E-06,1.14E-08,,-281.2068638,-691.9749825,0.554523328,53455.92846,6.148972787
448.1575202,75.76672483,-0.646553529,,0.000173044,-2.58E-06,1.19E-08,402.919905,-652.1665924,,0.554516812,53456.04691,6.267426778
400.3764545,,,-0.007479274,0.000238676,-2.93E-06,1.27E-08,-369.2051563,179.8029832,-1054.028939,0.554514715,53456.08504,6.305552548
3070.55024,329.8181309,-5.911870191,0.103436176,-0.001161391,7.12E-06,-1.79E-08,,-1736.010526,-3724.070233,0.554620332,53456.16472,6.385231465
321.4102744,11.2595646,,-0.008696391,0.000260616,-3.11E-06,1.33E-08,-154.1543714,,-645.8949284,0.554508701,53456.19437,6.414885671
0.7365305,,-0.22835221,0.003948776,,-5.66E-07,3.72E-09,-148.1878506,116.3018148,,0.554397751,53456.21116,6.431667972
1209.183468,-749.5606508,4.38797647,-0.027731592,8.48E-05,,,-9710.885693,9415.664263,-15323.59198,0.554506212,53456.23962,6.460133602
-151.2754198,,,-0.002118002,9.04E-05,-1.29E-06,6.10E-09,50.20389877,,453.6215931,0.554394666,53456.26722,6.487727356
260.7981523,19.11435161,,-0.009495833,0.000274574,-3.22E-06,1.37E-08,,-127.1851627,-346.0032099,0.554504111,53456.27783,6.498340332
-82.50787208,-15.54886264,,,4.76E-05,-8.97E-07,4.70E-09,-215.6330894,234.7908383,,0.55439255,53456.30569,6.52620141
86.09022803,16.41457097,-0.504692897,0.009370428,-7.34E-05,,1.87E-09,-86.87309257,,,0.554389751,53456.35655,6.577064259
183.4714001,26.97465799,,-0.01015026,0.000284609,-3.29E-06,1.38E-08,166.6552284,-259.6935234,,0.55449848,53456.38019,6.600699993
-118.5953501,,-0.072174828,,5.60E-05,-9.92E-07,5.06E-09,,31.16775264,351.3831194,0.554388092,53456.38671,6.607223909
198.3446964,37.67711293,-0.837534722,0.015524826,-0.000152728,5.90E-07,,,-157.176823,,0.554387121,53456.40435,6.624859836
2639.35816,152.7255893,-4.040445372,0.077111987,-0.00088553,5.38E-06,-1.31E-08,-1432.403893,,-5252.013611,0.554605077,53456.44212,6.662628199
116.1027376,,0.298357738,-0.01455754,0.000332957,-3.60E-06,1.47E-08,-45.00332458,,-226.3442135,0.554493348,53456.47349,6.694006505
71.91362505,,0.330310566,-0.01519207,0.000339698,-3.64E-06,1.48E-08,,-23.61738798,-99.95338971,0.554490068,53456.53312,6.753628333
35.47642424,,0.328432601,-0.01481024,0.000329973,-3.53E-06,1.44E-08,26.43630788,-34.53023434,,0.554487465,53456.58044,6.800951933
26.38275176,-4.091792431,0.390799627,-0.016035221,0.000346772,-3.67E-06,1.48E-08,,,-34.90029057,0.554486633,53456.59556,6.816072063
23.1604196,-1.701898806,0.296329077,-0.013374929,0.000303215,-3.29E-06,1.35E-08,,-5.355945782,,0.554485784,53456.61098,6.831495392
15.54994611,-3.410313615,0.348516217,-0.014696846,0.000323665,-3.46E-06,1.41E-08,1.588352019,,,0.554485708,53456.61237,6.832879313
-71.35607884,6.840827373,-0.234869659,0.003751451,,-5.31E-07,3.48E-09,,,310.9689537,0.554375251,53456.62009,6.840601084
2244.158461,,-2.39422447,0.053572652,-0.000635462,3.79E-06,-8.62E-09,-2638.257025,1480.092198,-6500.466274,0.554590994,53456.69818,6.918692101
1675.459746,395.3981393,-4.507494658,0.059013265,-0.000477986,1.65E-06,,2470.748917,-3497.199584,1449.150534,0.554588539,53456.74283,6.963341093
-5.810830118,,-0.32329338,0.007278294,-6.08E-05,,1.62E-09,-175.640086,140.4926024,,0.554360953,53456.87994,7.100447223
-189.4337695,,-0.048346432,,4.72E-05,-8.60E-07,4.45E-09,64.0602751,,547.3767358,0.554359152,53456.91267,7.133182101
94.01392061,18.87768879,-0.615637325,0.012643655,-0.000129699,5.11E-07,,-97.38484277,,,0.554358765,53456.9197,7.14021554
1606.324549,-210.1739377,,0.017844868,-0.000242922,1.22E-06,-1.29E-09,-4179.602141,3448.68319,-7939.776202,0.554568641,53457.10462,7.325129736
1283.39562,52.26197051,-1.47250522,0.023239492,-0.00016404,,3.80E-09,-855.2750029,183.2247719,-2824.421735,0.554567958,53457.11705,7.337558201
-130.5639043,-23.10870303,,0.001961608,,-4.01E-07,2.75E-09,-280.7643177,320.8412332,,0.554346709,53457.13879,7.359305627
-150.3480426,,-0.145388676,0.002882246,,-4.51E-07,3.01E-09,,40.49974256,423.4972605,0.554344816,53457.1732,7.39370892
-211.8873096,-7.269199981,,,3.77E-05,-7.29E-07,3.87E-09,,76.99803413,491.4793467,0.554342836,53457.20919,7.429696913
1216.733791,-275.2902127,1.003568426,,-2.29E-05,-3.41E-07,3.45E-09,-4416.461907,3919.628649,-7816.388986,0.554556365,53457.32781,7.548326747
1113.222063,-182.8121768,0.471402017,0.002240504,,-7.34E-07,5.12E-09,-3257.634249,2776.152684,-6044.199816,0.554556328,53457.3285,7.549014149
-84.67110563,8.39968967,-0.328299079,0.006842182,-5.65E-05,,1.50E-09,,,356.0743699,0.554335182,53457.34828,7.568789508
2.674608769,,0.083160407,-0.004309044,0.000112054,-1.33E-06,5.73E-09,,,,0.554223445,53457.37855,7.599064311
-10.68888234,,-0.39131223,0.009712149,-0.000106129,4.29E-07,,-194.5253352,157.3013564,,0.554327635,53457.48542,7.705931345
-273.2304674,-3.202356826,,,3.27E-05,-6.42E-07,3.44E-09,104.5310096,,726.6594703,0.554315076,53457.71363,7.934145168
-230.104763,,-0.100496177,0.002300428,,-3.88E-07,2.61E-09,78.85013307,,647.1230532,0.554312253,53457.76494,7.985453425
-166.8745962,-28.78615958,,0.003493178,-3.78E-05,,1.15E-09,-328.7422695,384.8394799,,0.554302645,53457.93953,8.160041929
-174.6935855,,-0.203558668,0.00521348,-4.60E-05,,1.27E-09,,47.71737644,477.8720514,0.554301763,53457.95556,8.1760672
-93.48923452,9.456534935,-0.393146929,0.009037017,-9.75E-05,3.93E-07,,,,385.2743999,0.554300163,53457.98463,8.205140953
-318.3888688,,,,2.85E-05,-5.70E-07,3.07E-09,184.8933433,-59.92354409,902.8783133,0.554291426,53458.1434,8.363908064
-273.2259104,-10.88127161,,0.001442181,,-3.16E-07,2.19E-09,,104.2114895,594.6234388,0.554288791,53458.19127,8.411780517
-256.7362792,-45.32421753,0.222454058,,,-2.34E-07,1.76E-09,-406.6149605,516.2144566,,0.55428647,53458.23344,8.453951643
-260.2801113,,-0.141067277,0.004125878,-3.82E-05,,1.08E-09,89.90250322,,720.2383862,0.554267112,53458.58518,8.8056903
-189.8558522,-32.34454118,,0.004513425,-6.37E-05,2.81E-07,,-357.8570552,424.3109318,,0.554266677,53458.59308,8.813588714
-189.9073614,,-0.242126819,0.006802788,-7.82E-05,3.23E-07,,,52.29585991,510.8522307,0.554265823,53458.6086,8.829115502
-339.4925423,-4.958107581,,0.001184016,,-2.73E-07,1.90E-09,134.1198969,,874.7466462,0.554257203,53458.76522,8.985729657
-314.9548213,-13.40328073,,0.002501131,-2.83E-05,,8.76E-10,,122.9668876,663.0164429,0.554240708,53459.06492,9.285431275
-310.4387144,-54.47564527,0.293478139,,-1.63E-05,,6.95E-10,-463.081565,601.0515221,,0.55423964,53459.08433,9.30483765
-277.5818108,,-0.166575208,0.005314161,-6.38E-05,2.68E-07,,96.33479064,,761.0840713,0.554231047,53459.24045,9.460957954
-391.4656696,,,0.000960184,,-2.35E-07,1.64E-09,244.0912724,-86.35392639,1099.399453,0.554228646,53459.28407,9.504582582
-391.9846707,-21.51551801,0.143814665,,,-1.78E-07,1.34E-09,,166.1218682,758.4033869,0.554222641,53459.39317,9.61368399
-381.5196406,-6.123895438,,0.002018309,-2.36E-05,,7.40E-10,153.1566194,,967.0447645,0.554207958,53459.65992,9.880430082
-338.568245,-59.24667893,0.332763799,,-2.62E-05,1.48E-07,,-490.6229509,643.8714244,,0.554205574,53459.70324,9.923747811
-336.6191907,-14.78636084,,0.003139785,-4.61E-05,2.05E-07,,,132.9798872,696.4966222,0.554204728,53459.7186,9.939107334
-452.7692364,-10.13346087,0.105678764,,,-1.49E-07,1.13E-09,191.4877102,,1110.185036,0.554188514,53460.01315,10.2336643
-409.2404454,-72.18969877,0.50281179,-0.002569496,,,3.37E-10,-552.409625,747.4959239,,0.554185297,53460.0716,10.29211542
-433.4648027,,,0.001597198,-1.95E-05,,6.17E-10,279.246315,-102.3626116,1211.507531,0.554178286,53460.19896,10.41947072
-437.6511462,-25.33754475,0.184506435,,-1.17E-05,,4.97E-10,,189.3748568,822.2310852,0.554175344,53460.25241,10.47291777
-400.0308549,-6.700776357,,0.002487036,-3.76E-05,1.68E-07,,161.8694798,,1005.715068,0.554173039,53460.29427,10.51478535
-299.9546698,-18.27941503,0.164699394,-0.000813784,,,,,132.8413739,552.344269,0.554049223,53460.54321,10.76372165
-186.8257076,-32.98310043,0.219231019,-0.000979325,,,,-266.8646877,353.6574477,,0.554048072,53460.5641,10.78461343
-429.2861737,-75.72740591,0.547170589,-0.003037411,,5.17E-08,,-567.3938154,774.6727643,,0.554157498,53460.5766,10.79710877
-365.474945,-9.375712045,0.13125597,-0.000711065,,,,159.4928315,,878.2074646,0.55404642,53460.59411,10.81462631
-503.1219164,,0.071205719,,,-1.23E-07,9.26E-10,359.1650171,-146.6983683,1412.856036,0.554155706,53460.60915,10.82966363
-432.3795551,,0.095722669,-0.000601,,,,325.9395301,-139.2534861,1215.363266,0.554040654,53460.69881,10.9193237
-447.876036,,,0.001923984,-3.01E-05,1.35E-07,,292.7462745,-108.8942726,1248.90764,0.554144822,53460.80685,11.02736088
-453.2300257,-26.85890149,0.202764944,,-1.79E-05,1.00E-07,,,197.987011,839.9837934,0.554144571,53460.81142,11.03193036
-491.864134,-11.81732881,0.133111369,,-9.47E-06,,3.99E-10,211.1383117,,1190.36393,0.554142188,53460.85469,11.07520461
0.598870512,0.719019945,,,3.58E-06,-4.10E-08,,,,,0.553806305,53460.9536,11.17411103
-1.633346822,0.973141299,,-0.000867506,3.90E-05,-5.67E-07,2.67E-09,,,,0.554025798,53460.9686,11.18911667
-8.029296918,,,0.000216924,,-2.34E-08,,,4.880358045,,0.553803842,53460.99831,11.21881984
-464.8388791,16.66709203,,,-1.85E-06,,,546.4178853,-350.653845,1571.519076,0.554019771,53461.07805,11.29856662
-301.2691454,,0.047157428,,-2.73E-06,,,212.1357624,-84.85061519,846.4733646,0.55401962,53461.0808,11.30131388
-457.8069381,-81.00681627,0.631260379,-0.004407809,1.31E-05,,,-585.2798473,811.139104,,0.554129065,53461.09306,11.3135736
-246.8691558,-5.276022346,0.061835923,,-2.99E-06,,,104.5413799,,609.4016775,0.554015516,53461.15533,11.37584363
-509.7089085,-32.74024512,0.304635318,-0.001698655,,,2.15E-10,,229.4875391,910.1948624,0.554123352,53461.19685,11.41735774
-6.554660645,,,0.000332484,-3.21E-06,,,,4.429436605,,0.553792619,53461.20203,11.42253701
-604.0632274,24.97417771,,-0.000301213,,,,764.5155073,-508.14494,2094.865208,0.554010774,53461.24145,11.46195745
-193.0091549,-10.35312418,0.075828494,,-3.24E-06,,,,82.04649063,376.875547,0.55400965,53461.26186,11.48236799
-8.982989053,,,,1.05E-05,-2.00E-07,9.84E-10,,5.214276554,,0.553895301,53461.33808,11.558592
-498.9035676,-12.32910234,0.143323033,,-1.40E-05,7.72E-08,,215.5328612,,1200.788701,0.554114311,53461.36106,11.58157018
-534.6609526,,0.087402955,,-7.44E-06,,3.08E-10,392.1394203,-163.964661,1499.333115,0.554110976,53461.42164,11.64215202
-104.2881099,-18.29821857,0.097359141,,-3.61E-06,,,-166.4963377,211.5683046,,0.553996212,53461.50587,11.72637924
-508.3522596,-33.16090714,0.317439074,-0.001894724,,3.03E-08,,,230.3663873,899.8676466,0.554101834,53461.58768,11.80818958
-358.158655,12.35542258,,,,-1.49E-08,,409.4647195,-259.4356637,1203.998881,0.553990867,53461.60294,11.82344718
-44.2512632,,,,1.02E-05,-1.87E-07,8.74E-10,17.66700131,,113.42527,0.553990343,53461.61244,11.83295567
1.046888434,0.67364563,,0.000110137,,,-1.54E-10,,,,0.553765824,53461.68834,11.90885678
-40.26908669,,,0.000223739,,-2.33E-08,,16.27765609,,104.6003967,0.553875003,53461.70657,11.92708008
-548.3470428,-15.07930864,0.214177588,-0.001294354,,,1.56E-10,242.0691458,,1299.983153,0.554092698,53461.75363,11.97413703
-5.951181225,,0.013169213,,,,-1.17E-10,5.372188328,,,0.553760831,53461.77897,11.99948314
-167.4060903,,,0.000572836,-5.28E-06,,,97.59741292,-30.56106317,469.2967178,0.553981059,53461.78102,12.0015352
-532.1186151,,0.091813709,,-1.05E-05,5.65E-08,,394.0451959,-166.0449584,1491.502681,0.554086702,53461.86252,12.08303555
-135.9375607,-1.547939391,,0.000620357,-5.55E-06,,,53.58642233,,355.6917769,0.553973603,53461.91641,12.13692259
-502.3450412,-33.60348733,0.340573307,-0.002464007,6.73E-06,,,,229.9732445,878.1775651,0.554081877,53461.95016,12.17067137
-11.8819441,,,0.000406511,-3.96E-06,,,8.249997888,,,0.553749065,53461.99251,12.21301766
-2.274402723,1.152760481,-0.018267184,,1.85E-05,-3.35E-07,1.67E-09,,,,0.553969356,53461.99353,12.21404171
-603.7844763,20.7735388,,,,-6.74E-08,5.00E-10,700.7223315,-446.4181213,2026.520218,0.554079262,53461.99765,12.2181636
-534.5822068,-14.90801028,0.216563931,-0.00138267,,2.03E-08,,236.8229924,,1264.293278,0.554075576,53462.0646,12.28510759
-209.8661387,,0.030585877,,,-1.93E-08,,141.291408,-53.57447556,590.2854136,0.553965153,53462.06985,12.29035998
-97.61988092,-3.433928969,,0.000678595,-5.88E-06,,,,37.21578758,217.2805341,0.553963373,53462.10216,12.32266756
-760.4933468,49.15948359,-0.094422742,,,,,1181.909737,-862.2279301,2918.729601,0.553959702,53462.16881,12.3893227
-1.417967737,1.082314764,-0.023315412,0.000668803,-5.07E-06,,,,,,0.553849511,53462.16934,12.38984964
-168.5062232,-3.16459234,0.038170663,,,-2.03E-08,,70.40861502,,423.2546093,0.553955643,53462.24251,12.46302332
-575.4335253,,0.135330074,-0.000935712,,,1.02E-10,443.889581,-193.699136,1616.283167,0.554064542,53462.26499,12.48550626
-85.68267837,,-0.024011403,0.000844956,-6.41E-06,,,31.09686841,,237.5296192,0.553952452,53462.30046,12.52097346
1.334833239,0.648078996,,0.000139443,,-1.61E-08,,,,,0.553731169,53462.31728,12.53779525
-510.3986389,-14.5062136,0.219718304,-0.001634443,3.96E-06,,,227.1294134,,1204.22413,0.55406108,53462.32787,12.54838229
-12.18849368,,,0.000200693,,-2.14E-08,,,5.596528683,20.93682577,0.553837752,53462.38279,12.60330072
-26.34820555,,,0.000364233,-3.49E-06,,,12.20247213,,57.05535785,0.55383749,53462.38754,12.60805537
0.29271948,0.742849484,,,2.08E-06,,-2.86E-10,,,,0.553725108,53462.42728,12.64779016
-36.80337082,-6.235414031,,0.000760508,-6.34E-06,,,-81.86767935,93.28241765,,0.553944884,53462.43787,12.65838325
-126.7364949,-6.277821325,0.045564797,,,-2.12E-08,,,52.95799291,255.7273066,0.55394487,53462.43813,12.6586387
-7.397607816,,,0.000242892,,-3.92E-08,1.55E-10,,4.694426012,,0.553833258,53462.46436,12.68487043
-548.6471541,,0.131915685,-0.000943333,,1.15E-08,,424.0494856,-185.2498441,1541.336692,0.554052516,53462.4834,12.70391462
-0.382916285,0.88999057,-0.010543202,0.000289472,,-2.48E-08,,,,,0.55383024,53462.51915,12.73966109
-261.5945434,-23.36525333,0.183667135,-0.000871658,,,,-91.76648273,208.9970573,363.5213808,0.554049653,53462.5354,12.75590707
-5.642103981,,,0.000198578,,-2.13E-08,,-3.392837998,6.643788594,,0.553827029,53462.57744,12.79795002
-47.50137916,,-0.035353061,0.00097494,-6.96E-06,,,,14.3050715,129.1093048,0.553936184,53462.59583,12.81634251
-276.4004835,9.676930321,,,,,-1.38E-10,314.762064,-199.267748,931.58921,0.553934305,53462.62994,12.85044749
-609.5550322,22.284465,,,-3.45E-06,,1.26E-10,728.704171,-470.9918321,2066.036338,0.554044126,53462.63576,12.8562724
-506.571925,,0.124163833,-0.000957685,1.64E-06,,,390.9671766,-170.5180428,1423.952036,0.554044075,53462.6367,12.85721226
-22.53678719,,,,4.65E-06,-5.10E-08,,,7.67225697,61.8630191,0.553822079,53462.66729,12.88780161
0.782637239,0.704542568,,,4.55E-06,-6.79E-08,1.91E-10,,,,0.553821531,53462.67723,12.89774637
-8.655284756,,-0.005218113,0.000452391,-4.03E-06,,,,5.188096158,,0.553819722,53462.71008,12.93058706
-5.260520021,0.193126598,,0.00019351,,-2.12E-08,,,3.431735662,,0.553819708,53462.71033,12.93084444
-7.374652872,,,0.000267175,-1.39E-06,-1.34E-08,,,4.680701734,,0.55381851,53462.73207,12.95257883
-2.900434562,,0.011591709,,,,-1.02E-10,,3.049699897,,0.553707339,53462.74974,12.97025496
-50.25941108,,,0.000175343,,,-2.11E-10,19.13124239,,140.2889271,0.553816242,53462.77324,12.99375396
-6.827464825,,0.002479675,0.000174474,,-2.06E-08,,,4.458290463,,0.553816065,53462.77645,12.99696376
-61.75321062,-10.76994234,0.055934693,,,-2.25E-08,,-104.5463576,130.4787162,,0.553925819,53462.78402,13.00453578
-14.30755567,,,,8.69E-06,-1.55E-07,6.99E-10,,6.155131658,25.44253869,0.553924341,53462.81085,13.03136221
-2.173068646,,,,4.30E-06,-4.76E-08,,-11.23092954,11.34113785,,0.553813806,53462.81745,13.03795848
-4.063654716,0.431486979,,0.000181758,,-2.03E-08,,3.160890538,,,0.553811493,53462.85943,13.07994176
-580.7150256,21.49269657,,,-4.02E-06,1.78E-08,,697.6326107,-452.0330186,1972.565168,0.554031802,53462.85958,13.08009121
-7.136724852,,,0.000294294,-2.41E-06,,-5.83E-11,,4.605417103,,0.553810966,53462.86901,13.08952177
-9.99108143,-0.255939625,,0.000379595,-3.64E-06,,,,6.279082655,,0.55381037,53462.87982,13.10032952
-4.84131037,,0.014020259,,,-1.04E-08,,4.88697459,,,0.553699636,53462.88952,13.11003008
-5.588150553,,0.007447194,,2.46E-06,-3.30E-08,,,3.968949184,,0.553808254,53462.91824,13.13875023
-0.03798644,0.680067796,,,3.70E-06,-4.23E-08,,,0.315295481,,0.553807613,53462.92987,13.15037812
0.100334628,0.702132465,,,3.67E-06,-4.20E-08,,0.278063605,,,0.55380729,53462.93573,13.15624663
0.475873215,0.734394241,-0.000500714,,3.76E-06,-4.26E-08,,,,,0.553807109,53462.93901,13.15951851
0.721130489,0.715357165,,,3.61E-06,-4.14E-08,,,,-0.990052881,0.553806491,53462.95024,13.17074746
-16.2170255,2.146475332,-0.057565543,0.001162863,-7.65E-06,,,,,73.99755048,0.553916597,53462.95146,13.17196739
0.588036069,0.72004994,,-1.96E-06,3.63E-06,-4.14E-08,,,,,0.55380632,53462.95334,13.17385464
-16.91209891,,,0.000152884,,,-1.90E-10,,6.507484562,40.67495347,0.553806216,53462.95522,13.175735
-2.424606087,,-0.046624347,0.001095649,-7.44E-06,,,-35.05960774,29.96123672,,0.553914786,53462.98432,13.20483253
-64.04254259,,,,5.43E-06,-5.88E-08,,23.20192313,,186.6645886,0.553802771,53463.01775,13.23826671
-385.6426869,8.482869594,0.023267539,,-2.29E-06,,,383.0404706,-220.4430898,1218.716919,0.554022127,53463.03527,13.25578385
-8.079917815,,,0.000353013,-3.42E-06,,,2.33521702,3.180347741,,0.553800612,53463.05695,13.27745982
-471.5412758,17.05990217,,-1.40E-05,-1.76E-06,,,556.8058408,-358.1287207,1596.606959,0.554019792,53463.07767,13.29817983
-10.19032925,,,-0.000174482,1.80E-05,-3.12E-07,1.55E-09,,5.606767812,,0.553908263,53463.10275,13.32326274
-2.79764237,1.303283756,-0.033976076,0.000764837,,-1.22E-07,7.42E-10,,,,0.553908111,53463.10552,13.32603474
-6.793733982,,,,9.02E-06,-1.65E-07,7.62E-10,-3.360464238,7.004999681,,0.553906832,53463.12874,13.34925374
-96.87262291,,,0.000273913,,-2.76E-08,,49.51487457,-11.5559784,271.8526278,0.553905758,53463.14823,13.36874033
-3.557693179,,,0.000145234,,,-1.84E-10,-7.455358697,8.982706029,,0.553794961,53463.15951,13.38001975
12.3889707,,0.01564891,,,-1.24E-08,,,,-64.22772761,0.553684465,53463.16483,13.38534278
-5.50583628,,,0.000339155,-3.28E-06,,,,4.243514474,-5.068828008,0.553794191,53463.17348,13.39399038
-551.4023869,22.20042941,,-0.000233341,,-3.45E-09,,687.3249515,-453.7839656,1903.058412,0.554012678,53463.20687,13.42738104
4.11871951,0.553897975,,0.000166338,,-1.90E-08,,,,-21.10981101,0.553791925,53463.21461,13.43512587
-7.556914227,0.197659795,,0.000345549,-3.38E-06,,,5.607267358,,,0.553790784,53463.23532,13.45582908
-608.4781559,25.18987562,,-0.000305657,,,2.18E-12,770.7333338,-512.4561734,2110.672359,0.554010791,53463.24113,13.46164401
-80.83574109,-0.526174825,,0.00028127,,-2.78E-08,,31.30706919,,217.6370986,0.553900364,53463.24616,13.46667293
13.52433696,2.916032751,-0.067918599,0.001245196,-7.92E-06,,,-12.65680733,,,0.553898559,53463.27894,13.49944908
-1.890404194,0.479219893,,0.000129151,,,-1.74E-10,,1.500733632,,0.553787755,53463.2903,13.51081205
-5.514458548,,0.006550828,7.80E-05,,,-1.57E-10,,3.959354337,,0.553787339,53463.29784,13.5183551
-7.389514035,,0.011481805,,1.47E-06,-2.50E-08,,6.030665278,,,0.553786834,53463.30702,13.52753648
-9.615698232,,-0.001265834,,1.18E-05,-2.25E-07,1.12E-09,,5.441565402,,0.55389691,53463.30888,13.52938738
-7.866137231,0.081146879,,,9.84E-06,-1.85E-07,8.90E-10,,4.615832902,,0.553896567,53463.31509,13.53560193
0.349407379,0.768001147,-0.003847003,0.00015849,,,-1.83E-10,,,,0.55378624,53463.3178,13.53830811
-1.414423743,0.580704199,,0.000125061,,,-1.71E-10,1.413981016,,,0.553785881,53463.32432,13.54483303
-8.120408903,,0.009090368,9.61E-05,,-1.72E-08,,6.407205208,,,0.553785645,53463.3286,13.54910803
-12.06048827,,,0.000337041,,-7.39E-08,4.44E-10,8.348115394,,,0.553780573,53463.42066,13.64116726
2.2565243,0.634414869,,0.000119325,,,-1.66E-10,,,-9.42430711,0.553780106,53463.42912,13.64963463
-10.53207952,-0.684764323,0.01622356,,,,-1.30E-10,,7.416462294,,0.553779983,53463.43136,13.65186741
-55.14999512,-1.498917168,,0.000298621,,-2.85E-08,,,20.53702967,129.0246333,0.553889678,53463.44015,13.66066442
-15.07787322,-1.206557247,0.021190343,,,-1.38E-08,,,10.3295809,,0.553779437,53463.44127,13.66177891
-143.3384681,,0.022097787,,,,-1.66E-10,92.82709662,-33.14620515,402.757776,0.553889281,53463.44738,13.66788771
-496.6162483,24.49234514,-0.030618625,,,-1.03E-08,,668.1244843,-459.7897362,1786.005633,0.553999342,53463.44903,13.66954008
-58.0131199,,-0.00586626,0.000311407,,-2.79E-08,,21.83826178,,159.9397164,0.553889034,53463.45185,13.67236589
21.25586045,4.380254906,-0.077010829,0.001295852,-8.03E-06,,,,-16.02958213,,0.553888808,53463.45596,13.67647164
-9.64481705,,0.003956841,0.000305255,-3.23E-06,,,7.196634248,,,0.553776212,53463.4998,13.7203096
-4.716016697,,0.0091917,,7.78E-07,,-1.84E-10,,3.655354788,,0.553776051,53463.50274,13.72324834
-34.75322128,,,0.000251518,,-3.71E-08,1.26E-10,14.69803669,,85.00428996,0.553884518,53463.53384,13.75435322
0.853398324,0.691582707,,8.08E-05,5.60E-07,,-1.91E-10,,,,0.553772106,53463.57434,13.79484827
-6.949954336,,0.011835582,2.30E-05,,,-1.35E-10,5.828739805,,,0.553770582,53463.60198,13.8224931
-6.647583674,,0.012551234,,2.35E-07,,-1.43E-10,5.680599706,,,0.553768785,53463.6346,13.8551075
-113.1481674,-1.867671454,0.026072409,,,,-1.70E-10,47.12783651,,287.4668575,0.553878514,53463.64284,13.86335098
-11.17726161,,,0.000438944,-4.68E-06,,5.46E-11,7.957731605,,,0.553767707,53463.65417,13.87468531
-5.404850469,0.436382957,,,8.47E-06,-1.56E-07,7.30E-10,3.741086762,,,0.553877844,53463.65501,13.87551816
0.9828138,0.679282246,,0.000103837,,3.37E-09,-1.86E-10,,,,0.553766876,53463.66925,13.88975927
-9.045980656,,,0.000177001,,,-2.24E-10,,5.177941334,,0.553655304,53463.69396,13.9144763
-7.433834317,-0.086386936,0.014049471,,,,-1.24E-10,6.330268902,,,0.55376537,53463.69658,13.91709207
-6.375978846,,0.012851981,,,3.67E-09,-1.58E-10,5.557205816,,,0.553765258,53463.69862,13.91913219
-41.30766517,,,0.000213604,2.49E-07,-2.50E-08,,16.58095977,,108.1653663,0.553875168,53463.70357,13.92408335
-11.11707044,,,0.00044962,-5.23E-06,9.55E-09,,7.929664773,,,0.553764944,53463.70432,13.92483369
-6.745737555,,0.013602613,,,,-1.21E-10,6.806799858,-0.820232767,,0.553763332,53463.73358,13.95408726
-17.18297503,-2.758424609,,0.000317771,,-2.90E-08,,-43.19617029,48.02225977,,0.55387244,53463.75309,13.97360356
-582.8772925,33.96194379,-0.05737414,,,,-5.84E-11,853.9543607,-609.3368431,2178.891613,0.553982353,53463.75754,13.97804696
-29.37763961,,-0.012011225,0.000361955,,-2.93E-08,,,9.598357165,78.15989792,0.553871227,53463.77512,13.99562922
-6.669650857,,0.013110621,,,,-1.16E-10,5.573381505,,2.748602251,0.553761017,53463.77558,13.99609286
-4.175567399,,0.010150457,,,1.38E-08,-2.53E-10,,3.465753806,,0.55375956,53463.80202,14.02253376
-2.825196584,1.33904992,-0.039698146,0.001112459,-9.63E-06,,1.75E-10,,,,0.553868545,53463.82381,14.04432582
0.996296495,0.658310306,0.002578367,,1.48E-06,,-2.31E-10,,,,0.553757793,53463.8341,14.05461286
-81.66664862,-3.780739701,0.030123143,,,,-1.73E-10,,34.06117122,167.6523499,0.553866305,53463.86448,14.08498726
-10.45926681,-0.348126939,0.017816401,,,-1.28E-08,,8.593896119,,,0.553753785,53463.90684,14.12734961
6.715662256,0.428121124,,0.00030192,-3.02E-06,,,,,-36.24781024,0.553748611,53464.00075,14.22126358
2.684704767,0.883361143,,,1.82E-06,,-2.56E-10,,-1.163299876,,0.553747979,53464.01222,14.2327335
-0.918599579,0.777673954,,,1.91E-06,,-2.65E-10,,,10.07087041,0.553747577,53464.01952,14.24002815
-35.59745882,,,0.000288616,-2.08E-06,,-8.73E-11,14.88908837,,89.08890062,0.553857317,53464.02764,14.24815367
2.445180906,0.811629002,,,1.86E-06,,-2.60E-10,-1.179504054,,,0.553747041,53464.02924,14.24975426
-2.387217043,1.26518262,-0.035674399,0.001042844,-1.02E-05,2.53E-08,,,,,0.553856053,53464.05059,14.27109927
2.743950818,,0.01267683,,,,-1.15E-10,,1.986226958,-25.83374853,0.553744648,53464.07267,14.29318524
-2.589875864,,-0.015635936,0.000384556,,-2.95E-08,,-18.50168231,17.15802971,,0.553853211,53464.10217,14.32268543
-8.319160925,,0.016267407,,,-1.23E-08,,11.55508218,-3.882163627,,0.553742749,53464.10713,14.3276395
-7.386163376,1.361005419,-0.023971224,0.000434029,,-3.07E-08,,,,36.51516296,0.553851325,53464.13641,14.35692063
-9.990629845,,-0.007802063,0.000425312,,-7.76E-08,4.46E-10,,5.672618306,,0.553850143,53464.15786,14.37837085
3.42616697,0.610805583,,,6.68E-06,-1.18E-07,4.99E-10,,,-18.99550269,0.553849761,53464.16481,14.38531745
-38.35145157,,0.005492514,,3.46E-06,-4.18E-08,,15.3591483,,103.3291591,0.553848039,53464.19606,14.4165726
-36.35603525,-6.176074531,0.03486758,,,,-1.77E-10,-62.62163927,78.03756811,,0.553847412,53464.20744,14.42794921
-21.33213619,-2.013395568,0.030541636,,-1.75E-06,,,,14.55062785,,0.55373388,53464.26809,14.4886052
-15.47244174,,,0.000135489,1.52E-06,-3.12E-08,,,6.257477128,33.84815497,0.553842553,53464.29565,14.5161606
-15.21687926,,,,1.51E-05,-3.07E-07,1.65E-09,9.731801111,,,0.5537311,53464.31855,14.53905778
13.1113021,,0.014803494,,,,-1.41E-10,,,-71.7958475,0.553620675,53464.32228,14.54278958
-10.64087861,,,0.000216845,,-2.88E-08,6.66E-11,,5.296844887,14.51453739,0.553840007,53464.34185,14.56236265
5.493474471,1.53673764,-0.024483521,0.000423978,,-2.98E-08,,-4.770542983,,,0.553840004,53464.34192,14.56242729
8.301503684,0.219069233,0.011802651,,,,-1.13E-10,,,-39.99987332,0.553729628,53464.34525,14.56575923
-9.517571512,-0.173495302,,0.000279027,,-5.04E-08,2.45E-10,,5.887664806,,0.553836113,53464.41254,14.63304971
6.527173776,1.830715916,-0.024118834,0.000407872,,-2.89E-08,,,-4.746363106,,0.55383535,53464.42639,14.64690477
-2.170649208,,0.012454828,,,-9.12E-09,,,2.809330173,,0.553613976,53464.44382,14.66433261
0.034956737,,,,2.32E-06,,-3.02E-10,-14.88096064,13.33317031,,0.553724035,53464.44676,14.66727008
-6.97683718,,,0.000234713,,-3.62E-08,1.30E-10,-0.742058611,5.109940177,,0.553833611,53464.45797,14.67847975
1.411669798,0.599878394,0.004832494,,,2.61E-08,-3.64E-10,,,,0.553721446,53464.49374,14.71425208
-30.6346035,0.372666452,,,4.46E-06,-4.95E-08,,11.20251129,,90.2811377,0.553829059,53464.54059,14.76110567
-16.43686033,,0.002829062,,3.78E-06,-4.38E-08,,,6.320877619,40.18187465,0.553828905,53464.54338,14.7638933
-4.834298633,,,0.000150376,1.05E-06,-2.78E-08,,-5.24773483,7.759540377,,0.553828563,53464.54959,14.77010575
1.735562573,0.608323871,,0.000223505,-2.25E-06,,,,,,0.553606874,53464.57267,14.79317886
2.258844486,,0.014673411,,,-1.12E-08,,2.880162111,,-26.68992878,0.553714532,53464.6192,14.83971247
-10.11402998,,0.007234645,,6.78E-06,-1.38E-07,6.72E-10,7.332422817,,,0.55382433,53464.62642,14.84693638
-38.86801025,,0.003348756,0.000131051,,,-1.87E-10,15.59783449,,104.1524775,0.553823484,53464.64178,14.86229256
-18.33075422,0.130165891,,,4.46E-06,-4.93E-08,,,6.280544412,50.56121644,0.553822887,53464.65262,14.87313214
-26.88485547,,,,4.73E-06,-5.18E-08,,2.421513237,6.874233297,74.97256141,0.553822344,53464.66248,14.8829955
-9.588865473,,-0.008859018,0.000570969,-5.34E-06,,5.33E-11,,5.556566699,,0.55382186,53464.67126,14.89177257
-11.79417047,,,0.000234067,-1.42E-06,,-1.10E-10,,5.495627598,20.01268086,0.553821036,53464.68621,14.90672661
11.33296562,,0.017279961,,-1.18E-06,,,,,-53.80417156,0.553600418,53464.68981,14.91032074
-8.35462629,,-0.003933842,0.000405649,-3.35E-06,-3.53E-09,,,5.067669015,,0.553819882,53464.70716,14.927673
-5.532202327,0.167530919,,0.000203926,-2.02E-07,-2.00E-08,,,3.594669543,,0.55381974,53464.70975,14.93026375
-6.100882659,0.314646192,,0.00022744,,-3.72E-08,1.44E-10,4.513350134,,,0.553818207,53464.73757,14.95808278
-42.35348822,0.097188036,,0.000166557,,,-2.03E-10,16.23786232,,117.9186314,0.553817445,53464.75139,14.9719063
-3.365742078,,0.002856888,,3.57E-06,-4.18E-08,,-7.07148939,8.586688088,,0.553817013,53464.75924,14.97975216
-46.45297485,,,0.000172721,,,-2.08E-10,16.93916458,0.748133478,128.9477525,0.553816413,53464.77013,14.99064251
7.681307569,,0.014572802,,,-1.12E-08,,,0.918144314,-43.88577818,0.553704933,53464.7934,15.01391587
-2.256617442,-0.025066369,,,4.32E-06,-4.78E-08,,-11.63873003,11.74449096,,0.553813814,53464.81731,15.03781828
-2.656031881,0.523971524,,0.000118705,1.28E-06,-2.80E-08,,2.182238422,,,0.553813172,53464.82896,15.04947241
-6.166331277,,,0.000261032,-1.89E-06,,-8.38E-11,-1.876840447,5.686563353,,0.553812594,53464.83945,15.05995942
-8.500836963,-0.119097461,,0.000331633,-2.93E-06,,-3.47E-11,,5.395079553,,0.55381182,53464.85351,15.07402124
-27.0730819,,,,2.61E-06,,-3.34E-10,,8.501495282,82.22633697,0.553699366,53464.89443,15.11494078
-26.48711075,-0.32050308,,0.000170202,,,-2.03E-10,,9.776310549,65.44022997,0.553809516,53464.89532,15.11582768
-3.108837411,0.301518041,0.004170799,,3.00E-06,-3.70E-08,,,2.342839788,,0.553809324,53464.8988,15.11931226
-0.959711099,0.819973118,-0.002324201,,4.16E-06,-4.58E-08,,,,7.997966709,0.55380854,53464.91304,15.1335478
10.54274484,0.087533492,0.014366334,,,-1.13E-08,,,,-52.32913682,0.553697295,53464.932,15.15251637
-0.340291627,0.659887194,0.000700036,,3.54E-06,-4.09E-08,,0.619739804,,,0.553807375,53464.93419,15.15469684
1.199326571,0.692832107,,2.27E-05,3.12E-06,-3.84E-08,,,,-3.842706415,0.55380686,53464.94352,15.16403593
-17.19712419,,-0.000178912,0.00015501,,,-1.91E-10,,6.572638969,41.65005576,0.553806228,53464.95501,15.17552161
-14.30614403,-0.75123799,0.024889527,,-1.57E-06,,,11.69122372,,,0.553694724,53464.97866,15.199173
11.86807928,,0.017273936,-4.82E-05,,,-9.87E-11,,,-59.77870286,0.553690539,53465.0546,15.27511298
-4.986361043,0.36016067,,0.000250088,-1.90E-06,,-7.63E-11,3.843208163,,,0.553799021,53465.08581,15.30632429
-6.05772883,-0.647843764,,0.000168401,,,-1.99E-10,-17.199775,18.92678011,,0.553798441,53465.09635,15.31685733
-25.65026862,,0.009286105,,9.54E-07,,-2.02E-10,11.34856445,,64.55332872,0.553797489,53465.11362,15.3341271
12.28741232,,0.015872686,-4.94E-06,,-1.20E-08,,,,-63.26952654,0.553684836,53465.1581,15.37860875
-3.56531347,,3.01E-05,0.000144917,,,-1.84E-10,-7.422931107,8.960549242,,0.553794961,53465.15951,15.38001695
12.4014606,,0.015634058,,,-1.21E-08,-2.61E-12,,,-64.35794351,0.553684487,53465.16442,15.38493624
12.40415646,,0.015625978,,1.60E-08,-1.25E-08,,,,-64.37872214,0.55368448,53465.16456,15.38507145
12.22846861,,0.016008699,,-5.55E-07,,-7.64E-11,,,-62.8084875,0.553684099,53465.17147,15.39198142
-9.69612637,,0.005246583,0.000200548,,-4.29E-08,2.05E-10,7.191152459,,,0.553794128,53465.17463,15.39514675
2.501709838,0.471587022,0.00849007,,,,-8.50E-11,,,,0.553571635,53465.21198,15.43248787
4.128365405,0.55347819,,0.000166587,,-1.91E-08,9.02E-13,,,-21.17002487,0.553791925,53465.21461,15.43511963
-1.468185515,0.88521267,-0.006971565,0.00018826,,,-1.94E-10,,,9.747308736,0.55378805,53465.28494,15.5054535
-3.275000322,0.294591262,0.002545424,0.000109107,,,-1.67E-10,,2.443947745,,0.55378803,53465.28531,15.5058192
-7.292357007,,0.011790632,-1.23E-05,1.65E-06,-2.59E-08,,5.980876529,,,0.553786849,53465.30675,15.52726022
-0.27272138,0.704059868,-0.002557717,0.000147474,,,-1.79E-10,0.49168981,,,0.553786372,53465.3154,15.53591027
5.557217397,1.093795222,,,,3.98E-08,-4.92E-10,,-2.709217911,,0.553675096,53465.33484,15.55535187
-12.49704826,,,0.000288877,2.18E-06,-1.08E-07,6.22E-10,8.540167924,,,0.553782004,53465.39468,15.61518868
3.175594969,0.592394061,,0.00015544,-5.87E-07,,-1.34E-10,,,-15.00599727,0.553781987,53465.395,15.61550975
-12.71152294,-0.934095883,0.018587494,,,-6.49E-09,-6.93E-11,,8.810903569,,0.553781889,53465.39677,15.61728022
-9.184116651,-0.521644831,0.014498916,,2.01E-07,,-1.45E-10,,6.533027466,,0.553780466,53465.4226,15.64311511
-9.856497819,,0.021272565,,-1.44E-06,,,18.05389645,-8.299562059,,0.553669483,53465.43668,15.65719441
-8.558299868,,0.007724083,,1.05E-06,,-2.05E-10,,4.472968275,14.63231331,0.55377934,53465.44303,15.66354574
-8.807358819,,0.006469209,0.000214131,-2.18E-06,,-4.51E-11,6.769602819,,,0.553778027,53465.46686,15.6873749
-17.25459048,,0.01132202,,,1.20E-08,-2.40E-10,8.753816528,,37.92089475,0.553777906,53465.46907,15.68957763
-4.707517271,,0.009177438,,7.81E-07,,-1.84E-10,-0.024464483,3.671038846,,0.553776051,53465.50273,15.72324593
5.081010485,0.931479038,,,,4.22E-08,-5.16E-10,-2.802431877,,,0.553665106,53465.51611,15.73661922
-4.331765101,0.203007368,0.00944584,,6.29E-07,,-1.71E-10,3.946566237,,,0.553771464,53465.58599,15.8064999
12.82330686,,0.013339438,0.000116386,-2.08E-06,,,,,-67.34382104,0.553658132,53465.64265,15.86315707
-5.941613054,,0.012303948,,,5.75E-09,-1.78E-10,4.44311217,0.696928634,,0.553765642,53465.69165,15.91216639
-7.019837195,-0.051009696,0.013544723,,,1.67E-09,-1.40E-10,6.022053207,,,0.553765524,53465.69378,15.91429268
-2.896554463,0.851706934,,,,4.55E-08,-5.51E-10,,,23.57615203,0.553651367,53465.76539,15.98590485
2.89135519,0.549951146,0.004738411,,1.17E-06,,-2.07E-10,,,-10.85498872,0.553760957,53465.77668,15.99718774
-3.307357119,,0.010425958,,,1.25E-08,-2.41E-10,,3.286211732,-3.443867403,0.553759793,53465.7978,16.01831208
-3.319598931,,0.015643315,,-1.01E-06,,,4.196916065,,,0.553534495,53465.88573,16.10624052
3.6531431,1.241063943,,,1.62E-06,,-2.39E-10,6.153312632,-7.095357247,,0.553750183,53465.97221,16.19272032
-30.8255217,-3.517271871,0.057324602,-0.000341549,,,,,21.54867645,,0.55363869,53465.99541,16.21592277
1.854576441,0.859425754,,,1.84E-06,,-2.58E-10,,-0.897593729,2.359350902,0.553748019,53466.0115,16.23200704
-2.016313417,0.7662965,,,1.93E-06,,-2.67E-10,0.387590709,,13.31668301,0.553747611,53466.01889,16.23940421
5.529342182,0.379400115,0.008731202,,,1.28E-08,-2.39E-10,,,-24.56700022,0.553742126,53466.11844,16.33895108
12.30217496,3.802962372,,,,,-8.22E-11,47.99613044,-48.46951754,,0.553624657,53466.25003,16.47053868
9.646480787,,0.027162365,-0.00051673,8.33E-06,-5.77E-08,,,,-42.36194297,0.553731085,53466.31881,16.53932304
12.93853917,,,,2.19E-06,,-2.89E-10,-21.88014783,15.58104469,-39.52109922,0.553726893,53466.39488,16.61539566
13.57781085,-0.113535147,0.019156314,,-1.31E-06,,,,,-67.71958359,0.553614195,53466.43985,16.66035828
-14.44716984,,,0.000269396,,-2.92E-08,,9.319317865,,,0.553499725,53466.51644,16.73695314
-0.167939175,0.778125065,,,,5.54E-08,-6.65E-10,,,,0.553498952,53466.53046,16.75097522
14.41410943,,0.018127772,,-1.25E-06,,,,-0.618015142,-66.60646977,0.553606798,53466.57404,16.79455404
14.15844065,,0.017612287,,-1.21E-06,,,-0.814791693,,-64.01317598,0.553602172,53466.65797,16.87848471
7.73716603,2.199809036,,,,2.58E-08,-3.52E-10,20.30499764,-21.73766262,,0.55370839,53466.73068,16.95118787
-74.40536224,,,,3.14E-06,,-3.91E-10,26.08665222,,225.4017297,0.553594078,53466.80482,17.02532894
4.61265894,,0.045999512,-0.001319362,2.07E-05,-1.23E-07,,,,,0.553591798,53466.84619,17.06670558
10.75624514,,0.021553838,-0.000220367,2.09E-06,,-1.91E-10,,,-50.74270823,0.553700937,53466.86591,17.08642603
-19.38909462,-1.501376712,0.045138509,-0.000289625,,,,16.37678212,,,0.553585375,53466.96272,17.18322754
11.59500217,,0.018165658,-7.53E-05,,7.30E-09,-1.58E-10,,,-57.48608567,0.553691487,53467.0374,17.25791562
19.06123432,1.458506154,,,,3.24E-08,-4.16E-10,,-6.910112938,-39.97561678,0.553689788,53467.06824,17.2887482
2.74517267,0.441745753,0.009383831,,,-7.60E-09,,,,,0.553468956,53467.07453,17.29503944
2.866706189,,,,,5.49E-08,-6.45E-10,-19.46407472,15.81742933,,0.553578692,53467.08396,17.3044752
12.3698481,,0.015701551,,-9.83E-08,-1.00E-08,-1.55E-11,,,-64.07331647,0.553684506,53467.16409,17.38459736
23.72674145,1.105879335,,,,3.58E-08,-4.50E-10,-9.237976033,,-56.95682324,0.553678449,53467.27399,17.49450297
13.60438988,4.201477901,,,,-7.58E-09,,54.65276045,-54.99970831,,0.553566967,53467.29666,17.51717286
-1.159669549,,0.014082664,,-9.00E-07,,,,2.459248357,,0.553441498,53467.57252,17.79302955
-10.64099438,,0.035628806,-0.000247574,,,,27.91405142,-15.62571689,,0.55354189,53467.75158,17.97208855
52.01410863,,,,,4.34E-08,-5.23E-10,-45.41671234,23.91950589,-152.6071128,0.553633228,53468.09451,18.31502466
-11.02574878,,,,5.85E-06,-6.47E-08,,,5.787218435,,0.553411433,53468.11777,18.33828061
59.77356094,2.647099596,,,,,-6.80E-11,,-20.06722259,-152.395846,0.553509178,53468.34497,18.56548643
18.14105798,-0.486666153,0.032862495,-0.000224523,,,,,,-87.99759172,0.553481134,53468.85364,19.0741511
16.31020135,,,0.000683683,-1.07E-05,4.49E-08,,,,-96.12865354,0.553476167,53468.94374,19.16425014
-33.29002945,,,,,6.46E-08,-7.50E-10,,9.630953236,110.4261992,0.553468731,53469.0786,19.29910731
16.25490297,4.794671348,,,-7.64E-07,,,63.32590386,-64.03572239,,0.553468586,53469.08122,19.30173587
9.599214082,,0.022114091,-0.000147454,,,,,,-38.34296675,0.553356734,53469.10967,19.33018445
4.890149397,,0.041258831,-0.000964529,1.07E-05,,-5.41E-10,,,,0.553461805,53469.20422,19.42472704
24.63654413,,0.02834309,-0.000200611,,,,,-3.168801346,-96.92222088,0.553451674,53469.38796,19.60847629
16.63261498,,,0.000624461,-7.94E-06,,2.36E-10,,,-99.41936022,0.553450018,53469.41799,19.63850044
65.23846409,2.815599371,,,,-5.99E-09,,,-21.88038223,-166.8023459,0.5534339,53469.71032,19.93082962
31.49521857,,0.026087585,-0.00018483,,,,-6.4715225,,-114.3474488,0.553425993,53469.85372,20.07423313
3.065040402,0.397109883,0.011033539,,-7.58E-07,,,,,,0.553312635,53469.90928,20.12978775
93.43253037,1.829939122,,,,,-5.77E-11,-33.93503413,,-260.7456078,0.553410605,53470.13279,20.35329867
15.38919645,,,0.000868471,-1.98E-05,1.95E-07,-8.18E-10,,,-86.90357711,0.553514991,53470.23953,20.46004087
-1.029184485,,0.020421325,-0.000132197,,,,3.088440722,,,0.553272067,53470.64478,20.86529031
17.54189528,,,0.000457602,,-1.27E-07,9.09E-10,,,-108.7092366,0.553336224,53471.48156,21.7020681
22.36965821,5.877599508,,-9.45E-05,,,,75.96172028,-78.57145137,,0.553335958,53471.48639,21.70690052
99.38395031,1.898642356,,,,-4.92E-09,,-36.10040238,,-277.4272894,0.553328972,53471.61306,21.83356941
72.07481695,3.059982302,,,-5.66E-07,,,,-24.30769514,-182.9392954,0.553323761,53471.70754,21.92805531
0.430578635,,0.018846551,-0.000121181,,,,,1.860085871,,0.553202383,53471.90799,22.12850307
5.214144582,,0.035960933,-0.00057793,,1.27E-07,-1.09E-09,,,,0.553300916,53472.12173,22.34224421
3.546242122,0.313676762,0.015809226,-0.000105677,,,,,,,0.553118576,53473.42698,23.6474889
106.0575381,1.995178927,,,-4.41E-07,,,-38.66855363,,-294.6819543,0.553218995,53473.60687,23.82737973
81.70563115,3.499765991,,-6.36E-05,,,,,-28.12370096,-201.9524805,0.55318928,53474.1455,24.36601161
40.42984263,8.968213473,-0.020429772,,,,,98.92225675,-110.1564073,,0.553186436,53474.19706,24.41757005
-89.59103451,,,,,7.99E-08,-9.15E-10,30.30137792,,282.5409014,0.55317413,53474.42012,24.64062834
172.9490351,,,,,,-3.61E-11,-111.9140126,45.4962489,-517.1090023,0.553141022,53475.02017,25.24068648
-16.23831727,,,0.000222154,,,-2.82E-10,10.04391623,,,0.553021045,53475.19436,25.41486948
18.06518164,,,0.000501705,-5.02E-06,,,,,-115.6155846,0.553011303,53475.37087,25.59137915
114.1597276,2.165398311,,-4.58E-05,,,,-42.10616185,,-313.0187581,0.553093255,53475.88586,26.10637277
174.6902504,,,,,-2.81E-09,,-113.092449,45.9474131,-521.5905774,0.553070282,53476.30218,26.52268889
98.94095921,4.754033764,-0.011728153,,,,,,-36.36309405,-227.8591636,0.553049923,53476.6711,26.89161025
14.98357586,1.655182009,,,,,-2.70E-11,,-7.337088355,,0.552910503,53477.19703,27.41754025
5.708758714,,0.028007877,,-1.60E-05,3.19E-07,-1.93E-09,,,,0.553006253,53477.46237,27.68288055
174.565709,,,,-2.20E-07,,,-113.5329007,46.2550856,-519.6934873,0.552990105,53477.75494,27.97544911
126.0602611,2.648907427,-0.007268828,,,,,-48.08042566,,-335.6511239,0.552971225,53478.097,28.31751069
-12.16478585,,,,3.52E-06,,-4.54E-10,,6.103676966,,0.5528498,53478.29657,28.51708371
124.1779081,,,,,,,-86.86416138,37.91831053,-363.9813847,0.552830476,53478.64658,28.86709024
14.8960567,1.653983142,,,,-1.88E-09,,,-7.309520921,,0.552827855,53478.69404,28.91454686
171.2621168,,,-1.80E-05,,,,-112.7303627,46.34372241,-507.3563201,0.552914525,53479.12418,29.34468781
12.12312803,1.506365095,,,,,,,-6.01539422,,0.552660905,53479.71717,29.93768353
162.2441484,,-0.001710504,,,,,-109.6892179,46.11631195,-477.8335491,0.552859049,53480.12906,30.34957105
14.61284849,1.644878145,,,-1.24E-07,,,,-7.199215292,,0.552748085,53480.13866,30.35917471
39.16037598,1.369290048,,,,,,-15.55619213,,-91.33003614,0.552739033,53480.30257,30.52307841
139.9100057,-0.259003201,,,,,,-100.1872462,45.0451357,-414.38926,0.552832836,53480.60382,30.82433465
19.69163098,1.649693716,,,,,,,-8.021971223,-28.51664435,0.552702015,53480.97285,31.1933623
14.01150908,1.621957643,,-7.52E-06,,,,,-6.94852555,,0.552688934,53481.2097,31.43021065
11.13392514,1.720155567,,,,,,5.566076916,-10.47210481,,0.552684542,53481.28922,31.50972716
13.24397996,1.213478634,,,,,,-7.409908493,,,0.55255506,53481.63322,31.85373404
12.79968716,1.560361786,-0.000301216,,,,,,-6.383032191,,0.552662459,53481.68903,31.90953814
14.81312628,1.256930121,,,,,-1.46E-11,-8.237213487,,,0.552638687,53482.1194,32.33991455
20.10246387,,,,2.16E-05,-4.71E-07,2.72E-09,,,-135.0443435,0.552725967,53482.53916,32.75966696
5.930353557,,0.02882614,-0.00030837,1.03E-06,,,,,,0.552610484,53482.62997,32.85048213
10.29489047,1.068657589,0.001220074,,,,,-5.608582951,,,0.552598695,53482.84338,33.06389211
14.42202884,1.247136578,,,,-7.81E-10,,-8.036638965,,,0.552589227,53483.01477,33.23527984
12.46761076,1.186646164,,2.94E-06,,,,-6.974824784,,,0.552560989,53483.5259,33.74641491
13.70846151,1.227573941,,,-2.23E-08,,,-7.661238534,,,0.552558614,53483.5689,33.78940853
6.073415517,,0.027400901,-0.000239867,,4.79E-09,,,,,0.552518503,53484.29489,34.51539847
6.28789017,,0.025882354,-0.000195227,,,,,,,0.552401097,53484.41952,34.64003547
-4.137934236,0.828148689,0.002667447,,,,,,,37.79421891,0.552502014,53484.59331,34.81381719
6.15552473,,0.026748656,-0.000218219,,,3.13E-11,,,,0.552464622,53485.27,35.49051658
5.482313733,,0.004374024,,,,,-18.65389229,14.315439,,0.552432472,53485.85181,36.07231707
-6.940767852,0.970467346,,1.54E-05,,,,,,55.43459774,0.552342338,53487.48264,37.70315348
0.807639679,0.643918802,0.004556479,,,,,,,,0.552227171,53487.56594,37.78645083
-24.68290829,,0.005871343,,,,,,7.455234839,87.99845874,0.552250406,53489.14568,39.3661919
-8.345371111,1.018759694,,,1.12E-07,,,,,65.85577186,0.552211401,53489.85118,40.07169302
-9.855514179,1.061842884,,,,,,,,78.22981604,0.552086793,53490.10458,40.32509019
-19.87754782,,,,7.56E-06,-8.38E-08,,11.56780914,,,0.552145862,53491.03646,41.25697365
-9.14702475,1.042465407,,,,7.72E-10,,,,72.28552229,0.552129443,53491.33336,41.55387412
9.120348236,,,2.97E-05,,,,-26.94600933,19.3888598,,0.552125336,53491.40763,41.62814625
-9.627835903,1.055745594,,,,,3.61E-12,,,76.2951099,0.55209299,53491.99252,42.21303038
6.486761044,,0.022863785,,-4.18E-06,2.83E-08,,,,,0.552015142,53493.40003,43.62054486
-58.43417016,,0.00746139,,,,,20.52601556,,187.9061375,0.551997181,53493.72474,43.94524823
19.78690244,,,0.000336481,,-3.81E-08,,,,-135.0075538,0.551864022,53496.1316,46.35211172
11.92408146,,,,2.58E-07,,,-31.08957526,21.5741432,,0.551833376,53496.68543,46.90593855
6.608746714,,0.022162599,,-2.88E-06,,1.67E-10,,,,0.551824573,53496.8445,47.06501359
13.80829343,,,,,2.39E-09,,-33.48354068,22.7568644,,0.551601156,53500.88083,51.1013418
-39.70660782,,,4.77E-05,,,,,10.58871722,147.3978657,0.551576146,53501.33255,51.55305843
-14.01018266,,,,,9.58E-08,-1.12E-09,,6.613191514,,0.551574924,53501.35461,51.5751229
-7.315269836,,0.008095353,,,,,,4.402219352,,0.551410184,53502.32941,52.54991811
-0.488179353,0.789879794,,3.86E-05,,,,,,,0.551409091,53502.34915,52.56966435
15.05768975,,,,,,2.25E-11,-34.96555055,23.46577691,,0.551438934,53503.81034,54.03085154
7.378939738,,,0.002101248,-7.62E-05,1.07E-06,-5.34E-09,,,,0.551493165,53504.83112,55.05163533
17.47592693,,,,,,,-37.6809587,24.73037153,,0.551206844,53505.99972,56.2202319
6.867651951,,0.020658706,,,-6.52E-08,5.67E-10,,,,0.551269187,53506.87459,57.09510479
6.970228506,,0.020597491,,-1.72E-06,,,,,,0.551088735,53508.13084,58.35135065
-47.13721927,,,,4.77E-07,,,,11.92238134,182.3169333,0.550838343,53514.64697,64.86748525
-21.98665441,,,,4.60E-06,,-5.94E-10,12.39237547,,,0.550769013,53515.89698,66.11749583
-99.3585087,,,6.90E-05,,,,32.64663551,,329.144124,0.550677412,53517.54824,67.76875004
-1.113398678,0.83734645,,,4.08E-07,,,,,,0.550468383,53519.31507,69.53557922
-12.47666162,,0.009868447,,,,,8.085664814,,,0.550316316,53522.05431,72.27482071
20.93326905,,,0.000279573,,,-3.74E-10,,,-148.6303423,0.550368499,53523.11441,73.33492338
-51.42236282,,,,,5.09E-09,,,12.6411207,204.2909704,0.550165812,53526.76448,76.98498829
-1.460247079,0.8597811,,,,4.50E-09,,,,,0.549626814,53534.46297,84.68347891
-54.11049445,,,,,,5.55E-11,,13.07672882,218.7367334,0.549618357,53536.61503,86.8355462
7.370307003,,0.018837767,,,-1.91E-08,,,,,0.54937856,53538.92603,89.14654148
-120.8238604,,,,7.45E-07,,,38.57780206,,411.4177249,0.549106064,53545.8221,96.04261312
-1.670061101,0.872340477,,,,,4.98E-11,,,,0.54896913,53546.28135,96.50185936
-61.4256651,,,,,,,,14.222683,260.0121083,0.547914472,53565.19735,115.4178625
-13.79783145,,,8.47E-05,,,,,6.484799189,,0.547865868,53566.06803,116.2885431
-25.49377915,,,,,1.28E-07,-1.49E-09,13.75805605,,,0.54770124,53571.01645,121.2369613
16.81765582,,0.011658402,,,,,,,-113.9256959,0.547542373,53571.86067,122.0811821
7.631714053,,0.017942845,,,,-2.24E-10,,,,0.547541502,53571.87627,122.0967834
-133.4897969,,,,,8.45E-09,,41.96758135,,462.8481417,0.547576544,53573.24898,123.4694953
8.495845475,,,0.001249259,-2.69E-05,1.62E-07,,,,,0.547488801,53574.81956,125.0400669
23.50683363,,,,9.97E-06,-1.12E-07,,,,-177.3840585,0.547358306,53577.15482,127.3753275
-141.5481632,,,,,,9.72E-11,44.08872529,,496.6536184,0.546249929,53596.96256,147.1830698
8.767092409,,,0.001073648,-1.75E-05,,8.91E-10,,,,0.545986892,53601.6562,151.876712
24.82016745,,,,6.10E-06,,-8.09E-10,,,-193.9879286,0.543580985,53644.46156,194.6820763
-16.82501765,,,,9.95E-07,,,,7.32440199,,0.543380193,53646.02381,196.2443175
-24.42094166,,,0.000114811,,,,13.22279473,,,0.542584736,53660.12068,210.3411883
9.282084816,,,0.000747772,,-3.00E-07,2.55E-09,,,,0.542348428,53666.30373,216.5242444
-166.8833605,,,,,,,50.64153349,,606.9592017,0.540377503,53699.10877,249.3292769
-18.43900806,,,,,1.19E-08,,,7.743239831,,0.539099496,53721.59782,271.818333
-19.38480659,,,,,,1.42E-10,,7.980289848,,0.535513269,53784.37355,334.5940624
27.02292441,,,,,1.74E-07,-2.04E-09,,,-222.0380849,0.535272021,53790.57913,340.7996446
9.806681768,,,0.00073278,-8.04E-06,,,,,,0.534611762,53800.07801,350.2985258
-30.38926244,,,,1.41E-06,,,15.55678041,,,0.532631231,53834.47289,384.6934045
10.50348642,,,,3.98E-05,-9.84E-07,6.35E-09,,,,0.529876474,53884.07209,434.2926058
25.63243363,,,0.000151123,,,,,,-208.5912007,0.528455678,53906.51314,456.7336472
8.819980697,,0.014789197,,,,,,,,0.524194897,53977.37003,527.590537
-33.57343275,,,,,1.74E-08,,16.75020351,,,0.523172342,53996.75817,546.9786803
10.51166415,,,0.000494105,,-6.48E-08,,,,,0.521774291,54020.47131,570.6918195
-22.15482737,,,,,,,,8.649703176,,0.519653648,54054.3089,604.5294104
-35.40079419,,,,,,2.11E-10,17.41994841,,,0.515283103,54129.67269,679.893205
10.96986306,,,0.000410961,,,-6.57E-10,,,,0.509346894,54228.2666,778.4871127
29.45240667,,,,1.94E-06,,,,,-256.663561,0.504274879,54311.56791,861.7884223
31.25819111,,,,,2.43E-08,,,,-281.2582779,0.482282261,54663.18587,1213.406385
12.08861016,,,,1.60E-05,-1.91E-07,,,,,0.479569279,54705.52349,1255.743999
-40.56583836,,,,,,,19.26790021,,,0.477868182,54729.95777,1280.178278
32.18873383,,,,,,2.98E-10,,,-294.5064675,0.464698439,54933.74511,1483.965618
12.60997667,,,,9.71E-06,,-1.41E-09,,,,0.453600505,55099.9748,1650.195312
12.68564004,,,0.000220513,,,,,,,0.412257034,55688.873,2239.093511
13.47759247,,,,,2.83E-07,-3.43E-09,,,,0.400031193,55857.66892,2407.88943
34.34091714,,,,,,,,,-326.6957421,0.385169641,56053.91003,2604.130545
14.1809289,,,,2.86E-06,,,,,,0.297297287,57136.29393,3686.514442
14.75604709,,,,,3.50E-08,,,,,0.21714406,58011.56944,4561.789954
14.99895467,,,,,,4.20E-10,,,,0.165746982,58526.87722,5077.097728
15.40275599,,,,,,,,,,0,59993.5718,6543.792311
